ID,L-Y-31,L-Y-29,L-Y-25,L-Y-27,L-Y-9,L-Y-11,L-Y-43,L-Y-41,L-Y-1,L-Y-2,L-Y-3,L-Y-5,L-Y-6,L-Y-7,L-Y-8,L-Y-10,L-Y-12,L-Y-13,L-Y-14,L-Y-15,L-Y-16,L-Y-17,L-Y-18,L-Y-19,L-Y-20,L-Y-21,L-Y-22,L-Y-23,L-Y-24,L-Y-26,L-Y-28,L-Y-30,L-Y-32,L-Y-33,L-Y-34,L-Y-35,L-Y-36,L-Y-37,L-Y-38,L-Y-39,L-Y-40,L-Y-42,L-Y-44,,L-G-34,L-G-31,L-G-13,L-G-4,L-G-7,L-G-16,L-G-1,L-G-22,L-G-25,L-G-26,L-G-19,L-G-10,,L-W-34,L-W-19,L-W-1,L-W-22,L-W-10,L-W-7,L-W-4,L-W-16,L-W-28,L-W-13,L-W-25,L-W-21,,L-B-13,L-B-14,L-B-15,L-B-16,L-B-17,L-B-18,L-B-19,L-B-23,L-B-24,L-B-25,L-B-26,L-B-27,L-B-28,,L-G-2,L-G-5,L-G-8,L-G-11,L-G-14,L-G-17,L-G-20,L-G-23
xylo-1,1,,606,1189,220,1438,1,,206,79,596,,260,1727,721,176,470,4,52,21,5,10,7,16,43,6,1,734,2,205,232,1,5,6,1,83,24,,21,3,27,2,,,1011,425,333,135,120,168,115,261,269,396,244,172,,475,292,109,222,70,216,476,413,539,432,395,592,,108,104,213,238,211,172,,38,140,123,217,108,150,,6,80,12,876,19,46,824,1256
xylo-2,,,22,53,5,5,,,6,33,3,,,,,53,93,,,,,,,,,,,,,58,91,,,,,,,,,,,,,,97,535,16,11,46,28,36,26,110,190,37,51,,,,,,,,,,,,,,,17,13,28,27,14,4,,8,46,54,37,23,23,,28,30,110,218,341,32,437,303
xylo-3,,,415,278,46,146,,1,66,62,53,,180,339,150,89,25,2,8,1,1,3,8,1,4,24,23,294,10,103,220,2,2,,,1,,,8,4,29,13,,,62,90,22,9,50,32,25,31,42,82,83,53,,288,86,67,54,36,233,231,183,260,335,189,165,,11,21,19,25,8,26,,5,38,32,16,3,8,,1,44,5,92,17,10,77,60
xylo-5,646,295,,,,4,,,,3,,,,5,,,,,,,,,371,81,23,,,,,,,544,294,,,,,,,,8,,,,2,,,,,,,2,,,1,,,,,,,,,,,,,,,,,,,,,,,,,,,,,,1,,,,,1,3,8
xylo-7,,,5,15,,1,,,2,9,1,,1,3,3,3,2,,,,,,,,,,,3,,3,7,,,,,,,,2,,,,,,,1,,,,,,,,1,,,,,,,,,,,,,,,,,2,9,5,4,8,10,50,,4,1,,7,1,,,,,1,,,1,
xylo-9,,,,,,,,,,,,,,,,,,,,,,,,,,,,,,,,,,,,,,,,,,,,,,,,,,,,,,,,1,,,,,,,,,,,,,,,,,,,,,,,,,,,,,,,,,,,,
xylo-10,,,27,10,1,3,,,,2,,,3,26,1,,,,,,1,1,,,,,,12,,4,,,,,,,,,,1,,,,,19,62,27,6,51,87,39,152,111,71,13,8,,,,,,,6,,,,,,3,,16,11,20,3,9,26,,,16,3,8,,2,,,103,,24,,,12,40
xylo-11,,                                                                                                                                                                             ,1,2,,1,,,,,,,,,,,,,,,,,,,,,,,,,,,,,,,,,,,,,,,58,188,5,6,43,31,24,9,81,53,16,14,,132,1,1,,10,11,2,,21,2,,1,,,3,,,,,,,,,,,,,,15,,19,,,15,18
xylo-12,,,4,4,7,1,,,,4,,,3,8,1,1,2,1,1,,,,,2,2,,,,,1,2,,4,1,,,,,,,2,,,,,25,11,8,4,,7,7,7,7,5,,,2,,,,,,1,,,1,,1,,8,5,2,2,10,,,,16,4,4,2,1,,1,2,,12,,,57,14
xylo-13,,,,,,,,,,,,,,,,,,,,,,,,,,,,,,,,,,,,,,,,,,,,,3,,,,,,,,,,,,,,,,,,,,,,,,,,,,,,,,,,,,,,,,,,,,,,,
xylo-15,,,,,,,,,,,,3,,,,,,1,,,,,,,,4,,,,,,,,,,,,,,,,,,,,1,,,,,,,7,,,,,,,,,,,,,,,,,,,,,,,,,,1,,,,,,,,,,,,,
xylo-16,,,,,,,,,,,,,,,,1,,,,,,,,,,,,,,,,,,,,,,,,1,,,,,,,,,,,,,,,,,,,,,,68,,,,,,,,,,,,,,,,,,,,,,,,,,,,,,
xylo-17,,,,,,,,,,,,,,,,,,,,,,,,,,,,,,,,,,,,,,,,,,,,,,,,,,,,,,,,,,,,,,,,,,,,,,,2,1,9,6,4,,,,4,,,,,,,,,,,,,
xylo-18,,,,,,,,,,,,,,,,,,,,,,,,,,,,,,,,,,,,,,,,,,,,,,,,,,,,,,,,,,,,,,,,,,,,,,,,,,,,,,,,,,,,,,,,,,4,,
xylo-19,,,,,,,,,,,,,,,,,,,,,,,,,,,,,,,,,,,,,,,,,,,,,,,,,,,,,,,,,,,,,,,,,,,,,,,,,,,,,,,,,,,,,,,,,,,2,
xylo-unid,106,112,174,391,77,435,3,,45,27,204,2,172,605,169,47,100,2,16,1,2,1,50,3,4,4,7,287,6,68,112,,2,,,96,6,,14,3,28,1,,,396,232,99,57,70,176,32,76,173,228,162,80,,379,166,16,132,37,64,131,119,245,189,285,192,,14,10,33,55,72,19,,7,20,32,26,31,97,,9,71,20,501,81,17,303,488
gas-1,7,8,20,,4,2,20,11,5,75,,12,2,10,41,35,84,49,67,1,53,22,6,5,7,37,32,41,44,27,26,2,9,6,6,7,11,23,10,46,2,48,12,,8,2,3,1,1,10,,13,7,,9,,,17,11,,7,10,8,11,6,9,11,17,12,,20,14,22,42,,,,72,58,45,62,,,,61,17,45,10,35,40,10,20
gas-2,1,3,2,7,,4,,,,,1,,,,3,,2,,,,,,,,,,,,,,,,,,,,,,,,,,,,43,46,22,7,8,25,10,21,19,27,38,5,,35,25,,4,3,11,11,,7,4,5,3,,3,7,7,6,,,,,1,,4,,,,2,5,4,10,6,5,11,15
gas-3,9,10,,4,,4,7,,,,1,1,4,6,8,1,7,3,3,10,9,3,6,6,8,4,1,9,,2,14,2,7,9,11,21,4,4,3,4,2,,5,,14,14,1,,4,4,1,21,6,9,2,,,49,42,1,10,18,15,52,72,58,9,41,31,,,,,,,,,2,,,,,,,,,,,,,4,
gas-4,2,,,2,,2,,,1,,,,2,7,7,,3,3,,1,,3,1,1,,,2,5,1,1,,1,,,,1,3,,2,2,,1,1,,1,,,,,5,,,1,,,,,4,3,,,,6,,3,2,1,1,,,1,3,,,,,,6,5,3,2,,,,,,2,2,,,1,
gas-5,,,,,,,,,,,,,,,2,,,,,,,,,,,,,1,,,,,,,,,,,,,,6,,,,,,1,,,,1,,,,,,,,,,,,,,,,,,,,,,,,,,,,,,,,,,,,,,,,
gas-6,,,,,,1,,,,1,,,2,,,1,3,,,,1,,,,,,1,,1,1,,,,,1,,,,1,,1,,,,,,,1,,,,,,,,,,,,,,1,,,,,,,,,,,,,,,,,,,,,,,,,,,,,,
gas-7,,,,,,,,,,,,,,,,,,,,,,,,,,,,,,,,,,,,,,,,,,,,,,,,,,,1,,,,,,,70,,,3,11,,17,16,,13,12,,,,,2,,,,,,,1,1,,,,,,,,,,,
gas-8,,,,,,,,,,,,,,,,,,,,,,,,,,,,,,,,,,,,,,,,,,,,,,,,,,,,,,,,,,,,,,,1,,2,,,,,,,,,,,,,,,,,,,,,,,,,,,
gas-9,,,,,,,,,,,,,,,,,,,,,,,,,,,,,,,,,,,,,,,,,,,,,,,,,,,,,,,,,,,,,,,1,3,1,,,1,,,,,,,,,,,,,,,,,,,,,,,,
gas-10,,,,,,,,,,,,,,,,,,,,,,,,,,,,,,,,,,,,,,,,,,,,,1,,,,1,,,,,,,,,9,,,,1,,,,,,2,,,,,,,,,,,,,,,,,2,,,2,,,,
gas-11,,,,,,,,,1,1,3,1,,3,,2,,1,,,,,1,1,,,,2,1,1,,,3,1,1,,,,,,,,,,,,,,,,,,,,,,,,,,,,,,,,,,,,,,,,,,,,,,,,,,,,,,,,,
gas-12,,,,,,,,,,,,,,,,,,,,,,,,,,,,,1,,,,,,,,,,,,,,,,,,,,,,,,,,,,,,,,,,,,,,,,,,,,,,,,,,,,,,,,,,,,,,,
gas-13,,,,,,,,,,,,,,,,,,,,,,,,,,,,,,,,,,,,,,,,,,,,,,,,,,,,,,,,,,,,,,,,,,,,,,,1,,7,14,,,,,,3,5,,,,,,,,1,,,
gas-14,,,,,,,,,,,,,,,,,,,,,,,,,,,,,,,,,,,,,,,,,,,,,,,,,,,,,,,,,,,,,,,,,,,,,,,,,1,1,,,,,,,,,,,,,,,,,,
gas-juv,,1,,,,,,,,,,,,,,,,,,,,,,,,,,,,,,,,,,,,,,,,,,,,,,,,,,,,,,,,,,,,,,,,,,,,,,,,,,,,,,,,,,,,,,,,,,
gas-unid,,,,,,,,,,,,,,,,,,,,,,,,,,,,,,,,,,,,,,,,,,,,,4,,,,,,,,,,,,,,3,,,,,,,,,,,,4,,,,,,,,,1,,,,,,1,,,1,,,
limp-1,1,1,1,2,,,,1,1,,1,,,,,,,2,,,1,,,,,1,,,2,1,,2,,1,,,,,,3,2,,,,67,40,18,,3,12,1,3,7,24,3,,,22,,,,3,2,,5,4,3,9,1,,,,,,,,,,,1,,,,,,7,,2,,,2,
limp-3,,,,,,,,,,,,,11,1,,,,,,,,,,,,,,,,1,,,,,,,,,,,,,,,,,,,,,,,,,,,,,,,,2,,,,,,,,,1,,,,,,,,5,,1,,,,,,,,,,,
limp-4,,,,,,,,,,,,,,,,,,,,,,,,,,3,,,,,,,,,,,,,,,,,,,,3,,,,2,,,1,,2,,,,,1,2,1,5,3,2,,6,2,1,,3,,3,2,,,,1,3,,,,,,,,,,,,,
limp-5,,,,,,,,,,,,,,,,,,,,,,,,,,1,,,,,,,,,,,,,,,,,,,,,,,,,,,,,,,,,,,,,1,,,,,1,,,,,,,,,,,,,,,,,,,,,,,,
limp-6,,,,,,,,,,,,,,,,,,,,,,,,,,,,,,,,,,,,,,,,,,,,,,,,,,2,1,,,,2,,,5,1,,,1,1,1,1,1,2,1,2,,3,,5,1,,,,,,,,,,,,,,,,,,
limp-7,,,,,,,,,,,,,,,,,,,,,,,,,,,,,,,,,,,,,,,,,,,,,,,,,,,,,,,,,,,,,,,,,,,,,,,,,,,,,,,,,,,,,,,,,,,,1
limp-unid,,,,,,,,,,,,,,,,,,,,,,,,,,,,,,,,,,,,,,,,,,,,,,,,,,,,,,,,,,,,,,,,,,,,,,,,,2,,,,,,,,,,,,,,,,,,,
biv-1,,,,,,,,,,1,,,,,,,,,,,,1,,,,,,,,,,,,,,,,2,,,,,,,12,3,4,,14,33,12,66,26,12,16,,,56,3,,6,13,2,15,44,3,39,23,14,,12,3,25,7,,,,7,2,2,2,,,,,,,,,1,,2
biv-2,,,,,,,,,,,,,,,,,,,,,,,,,,,,,,,,,,,,,,,,,,,,,,,,,,,,,,,,,,,,,,,,,,,,,,,,,,,,,,,,,,,,,,,,,,,,
biv-3,24,28,3,3,2,5,13,5,8,3,9,51,,3,3,3,2,,4,8,,,8,25,3,13,23,10,,,1,6,3,6,5,7,17,5,2,2,2,3,12,,,,,,,,,2,2,,3,,,,1,,,,4,1,,,,,,,,3,13,6,,,,1,,,2,,,,1,,4,3,,,,
biv-4,,,,,,,,,,,6,,,,,,,,,,,,,,,,,,,,,,,,,,,,,2,,2,,,,,,,,,,,,,3,,,,,,,,,1,,,1,,,,,,,3,,,,,,,1,,,,,,,,,,,
biv-5,,,,,,,,,,,,1,,,,,,,,,,,,,,,,,,,,,,,,,,,,,,,,,,,,,,,,,,,,,,,,,,,,,,,,,,,,,,,,,,,,,,,,,,,,,,,,
biv-juv,,,,,,,,,,,,,,,,,,,,,,,,,,,,,,,,,,,,,,,,,,,,,,,,,,,,,,,,,,,,,,,,,,,,,,,,,24,,,,,,,,,,,,,,,,,,,
biv-unid,,,,,,,,,,,,2,,,,,,,,,,,,,,,2,,,,,,,2,,,,,,,1,,,,,,,,,,,,,,,,,,,,,,,,,,,,,,,1,,24,,,,,,,,,,,,,,,,,,
idas-1,4,12,,,4,1,3,7,38,1,,2,8,5,6,4,5,,11,14,,1,18,14,14,,,,2,3,8,7,40,24,,9,4,2,9,,13,,5,,49,16,12,4,9,11,32,38,40,45,97,2,,14,9,4,3,19,41,54,43,23,22,3,44,,21,41,28,28,,,,10,25,15,33,,,,7,2,12,15,23,11,5,8
idas-3,,,,,,,,,,,,,,,,,,3,,,,,,,,,,,,,,,,,13,,,,,,,,,,,,,,,,,,,,,,,,,,,,,,,,1,,,,,,,,,,,,,,,,,,,,1,,,,,
idas-4,,,,,,,,,,,,,1,,,1,,,,,,,,,,,,,,,,,,,,,,,,,,,,,,,,,,,,,,,,,,,,,,,,,,,,,,,,,,2,,,,,,,5,,,,,,,,,,,
idas.L,,,,,,,,,,,,,,,,,,,,,,,,,,,,,,,,,,,,,,,,,,,,,,,,,,,,,,,,,,,,,,,,,,,,,,,,2,4,6,,,,,2,1,1,,,,,,,,,,,
idas-juv,,1,,,,,,,,,,,,,,,,,,,,,,2,,,,,,,,,,,1,,,,,,1,,,,4,,26,,,47,,,,,,,,17,,,,,,,,,56,11,,,2,5,13,8,,,,1,2,1,4,,,,,,,,,,,
idas-unid,,,,,,,,,,,,,,,,,,,,,,,,,,,,,,,,,,,,,1,,,,,,,,,,,,,,,,,,,,,,,,,,,,,,,,,,,,,,,,,,3,,,,,,,,,,,,,
polyplac-1,,1,2,,,3,1,1,7,2,7,2,6,5,2,,,11,6,7,6,3,7,,3,8,7,9,16,,2,1,3,7,3,2,3,6,9,21,9,4,24,,3,6,,,,6,6,24,13,12,11,,,14,8,,5,11,30,30,24,21,17,13,25,,4,5,16,31,,,,9,5,10,9,,,,4,1,5,10,8,5,10,20
aplac-1,,4,,,,4,,,,1,,,,,,,,,,,,,,,,,,,,,,,,,,,,,,,,,,,1,,5,12,7,10,8,8,16,14,22,2,,5,1,,1,1,2,5,4,2,5,1,1,,,3,1,1,,,,,1,1,,,,,,8,,1,2,1,3,1
aplac-3,,,,,,,,,,,,,,,,,,,,,,,,,,,,,,,,,,,,,,,,,,,,,,,,,,,,,1,,,,,,,,,,,,,,,,,,,,,,,,,,,,,,,,,,,,,,,
poly-2,,,,,,,,,,1,,,,,,,,,,,,,,,,,,,,,,,1,,,,,,,,,,1,,,,,,,,,,,2,,,,,,,,,,,,,,,,,,,2,,,,,,,,,,,,,,,,,,,
poly-5C,1,2,31,38,53,3,0,0,5,0,2,0,2,41,10,2,14,0,0,0,0,0,1,0,0,0,5,3,0,13,12,4,1,0,0,0,0,0,0,0,0,1,0,,178,395,288,193,342,312,391,460,292,370,452,356,,22,12,15,5,16,47,54,37,34,45,31,50,,23,41,33,54,,,,68,9,63,52,,,,172,328,248,552,374,266,642,425
poly-6,7,9,1,18,2,,3,7,10,6,9,16,3,6,7,6,19,29,5,3,,9,6,1,1,18,,2,5,5,10,9,13,16,1,1,2,15,4,6,2,3,3,,29,40,68,36,33,52,51,55,33,44,40,49,,50,22,34,28,50,30,50,55,48,47,29,63,,30,46,65,42,,,,14,34,22,32,,,,27,24,37,42,20,25,20,25
poly-7,,,,,,,,,,,,,,,,,,,,,,,,,,,,,,,7,,,,,,,,,,,,,,,1,,,2,3,,,,1,,,,1,,,,,,,,,,,,,,,,,,,,,,,,,,,,,,,,,,
poly-10,25,101,10,13,55,1,4,5,12,2,10,6,7,53,0,23,50,16,11,14,13,28,39,31,8,7,4,5,17,0,25,118,78,9,5,11,1,16,6,13,10,1,1,,174,292,222,44,215,80,174,235,298,369,183,22,,110,59,30,93,106,158,210,82,206,171,192,151,,111,68,193,163,,,,69,134,257,172,,,,103,101,151,436,254,70,531,318
poly-11,,,,15,6,,,,,,2,,3,1,,1,14,,,,,,,,,,,,,,2,,,,,,,,,,,,,,27,22,7,5,13,2,40,30,43,50,27,14,,,,,,,,1,,,,,1,,1,9,20,6,,,,4,,11,21,,,,,20,4,29,25,2,55,34
poly-14,2,6,6,3,2,2,2,1,5,8,3,3,2,1,2,2,5,5,1,,,9,10,1,5,6,11,1,2,7,2,6,3,9,2,3,2,3,5,2,3,6,1,,4,1,,,1,,4,4,8,7,5,,,5,1,,1,3,2,4,2,,2,7,9,,8,10,22,18,,,,9,7,7,7,,,,,14,2,2,5,4,3,3
poly-15,1,11,42,33,13,16,2,1,42,0,59,1,53,43,40,34,59,69,31,21,2,5,83,6,39,16,11,23,22,35,24,109,45,20,3,0,23,16,24,31,38,5,3,,1,15,15,12,10,11,5,11,9,18,9,8,,9,13,14,15,17,34,30,44,42,27,10,27,,147,231,519,325,,,,41,58,101,95,,,,26,4,56,56,63,37,29,27
poly-16,,23,1,5,1,5,11,14,14,,22,42,5,,2,1,4,,,1,,,21,5,,23,4,3,1,2,1,4,1,4,,4,1,9,8,3,,2,1,,32,2,5,2,5,,7,21,11,40,11,,,68,5,,5,5,1,8,39,4,11,14,13,,9,10,14,7,,,,24,60,65,90,,,,16,14,41,18,29,16,22,17
poly-20,2,23,1,1,3,3,1,0,10,4,5,3,5,2,6,1,65,111,3,2,3,0,29,12,5,1,25,0,12,1,8,33,34,1,3,1,8,2,17,1,14,3,0,,38,10,21,17,22,5,36,68,54,88,86,2,,52,21,4,15,22,40,56,46,44,36,27,46,,39,81,160,340,,,,209,117,441,416,,,,83,21,303,86,139,49,62,31
poly-24,1,7,,21,2,,2,,,26,4,3,3,1,6,1,22,2,3,2,1,3,4,2,,1,4,1,4,4,3,6,,1,1,8,4,4,4,4,3,1,1,,33,8,16,14,16,5,11,14,22,13,18,5,,21,13,,2,19,13,7,8,8,7,3,10,,2,19,18,17,,,,8,14,17,22,,,,4,11,6,8,6,5,,4
poly-25,0,0,0,0,0,0,0,0,3,0,0,5,0,0,0,2,18,0,0,0,0,0,0,0,0,0,0,0,0,,0,4,0,0,2,0,0,0,0,0,0,1,0,,19,1,7,3,1,8,6,12,12,10,11,1,,7,5,0,1,2,5,3,8,3,12,1,1,,,,5,,,,,1,5,1,,,,,,,,,1,,,
poly-26,,4,,,,,,,6,,,,,1,,,,,,,,,,,1,1,,,,,,1,,,,,,1,2,,,,,,,,,,1,,,2,11,,1,,,4,2,,,2,9,6,,2,3,4,3,,5,4,30,67,,,,,12,10,34,,,,,,1,,4,1,2,4
poly-29,5,9,2,13,1,,13,6,12,,11,1,,3,2,1,12,5,1,3,,5,17,2,5,15,4,,17,1,3,15,3,21,,2,3,15,15,5,19,3,8,,,,,,,,1,,,,,,,2,,,2,,1,2,1,,,,1,,4,11,25,19,,,,10,7,22,10,,,,1,,1,1,5,3,,1
poly-31,,,,,,,,,,,,,,,,,,,,,,,,,,,,,,,,,,,,,,,,,,,,,,,,,,,,,,,,,,1,,,,,,,,,,,,,1,,,,,,,,,,,,,,,,,,,,,
poly-45,,,,,,,,,,,,1,,,,,,,,,,,,,,,,,,,,,,,,,,,,,,,,,,2,,1,,,,,,,,,,,,,,,,,,,,,,,,,,,,,,,,,,,,,,,,,,,,
poly-47,0,3,1,1,0,0,0,0,0,0,0,0,0,0,0,0,13,0,0,0,2,0,0,3,0,0,0,0,0,1,0,2,0,0,0,0,0,0,1,0,0,0,0,,4,16,11,0,15,0,48,41,47,86,106,0,,134,34,0,24,31,93,22,38,44,39,62,120,,2,1,1,13,,,,39,50,74,143,,,,9,3,21,14,15,23,38,12
poly-51,,,,,,,,,,,,1,5,,4,9,14,2,,,28,6,2,20,65,1,,,30,,,35,22,2,14,17,12,7,7,,21,11,37,,2,5,30,2,4,7,16,21,33,18,12,,,14,1,,,1,14,10,15,5,11,,6,,29,25,28,36,,,,37,31,70,31,,,,4,2,9,3,,9,14,2
poly-55,,,,,,,,,,,,,,,,,,,,,,,,,,,,,,,,,,,,,,,,,,,,,,,,,,1,,,,,,,,,,,,,,,,,,,,,2,,62,25,,,,,15,23,18,,,,,,3,,,1,,
poly-57,0,0,2,10,12,2,0,0,0,0,0,0,9,12,8,0,7,0,0,0,0,0,0,0,0,0,0,0,0,2,1,0,0,0,0,0,0,0,0,0,0,0,0,,18,8,19,1,2,11,7,7,8,11,10,10,,5,1,2,3,7,5,14,7,10,3,3,7,,2,3,9,33,,,,11,2,11,18,,,,20,12,17,41,37,27,68,26
poly-62,,,,,,,,,,,1,,,,,,,,,,,,,,,,,,,,,,,,,,,0,,,,,,,,1,2,,,,,3,1,,,,,1,,,,,,,,,,,,,6,8,69,32,,,,4,1,1,1,,,,,,1,,,,,
poly-63C,,,1,5,,,1,,,,1,,,,,,1,,,,,,,,,1,1,,,,,,1,,,1,,,1,,1,,,,5,2,,1,3,,,4,1,7,2,2,,4,5,1,3,,,1,7,6,1,8,7,,,,,,,,,,,,,,,,4,3,,4,2,3,9,4
poly-68,,2,,,,,,1,,,,,,,,,5,4,,,,,,,,,,,,,,,1,,,,,,,,2,,,,,2,,,1,,2,5,9,10,5,,,2,9,2,14,13,48,29,63,14,18,,38,,,,3,,,,,26,3,26,21,,,,3,6,11,8,17,16,6,4
poly-72,,,,,,,,,,,,,,,,,,,,,,,,,,,,,,,,,,,,,,,,,,,,,,,,,,,,,,,,,,,,,,,,,,,,,,,,,,,,,,1,,,,,,,,,,,,,,
poly-73,,1,,,,,,,,,,,,,,,,,,,,,,,,,,,,,,,,,,,,,,,,,,,,,,,,,,,,,,,,,,,,,,,,,,,,,,,,,,,,,,,,,,,,,,,,,,
poly-78,,,,10,,,1,,,,,,,,,,,,,,,,,,,,,,,,2,3,,,,,,,,,,,,,,,,,,,,,,,,,,,,,,,,,,,,,,,,,1,,,,,,,,1,,,,,,,,,,,
poly-79,,,,,,,,,,1,,,,,,,6,3,,,,1,,,,,,,2,2,,,,,,1,,1,1,,8,,,,,,,,,,1,,,,,,,,,,,,,,,,,,,,,,,,,,,5,,,,,,,,,1,,,,,
poly-83,,,,,,,,,,,,,,,,,,,,,,,,,,,,,,,,,,,,,,,,,,,,,,3,,,2,,13,4,5,5,6,,,3,,,,,15,15,12,1,29,6,18,,1,,1,,,,,,,,,,,,,3,3,,,,,
poly-85,,,,,,,,,,,,,,,,,,,,,,,,,,,,,,,,,,,,,,,,,,,,,,,,,1,,,,,,,1,,1,6,,,,,2,1,2,,,,,,,,,,,,,,,,,,,1,,3,,2,1,,
poly-90,,,,,,,,,,,,,,,,,,,,,,,,,,,,,,,,,,,,,,,,,,,,,4,6,,,6,,12,6,14,13,46,,,425,,,9,21,52,8,5,12,54,45,94,,21,12,21,13,,,,41,6,39,48,,,,3,3,2,6,3,3,4,4
poly-91,,,1,,,,,,,,1,1,,,,,,1,,,,,,,,,,,,,,2,,,,,,,,,1,,,,,2,,,,,,7,,4,1,,,,,,,,,5,,,,5,9,,,,6,4,,,,2,1,,4,,,,,,,,,,,
poly-94,,,,,,,,,,,,,,,,,,,,,,,4,,,,,,,,,,,,,,,,,,,,,,,,,,,,,,,2,3,,,,,,,,,,,,,,1,,,,1,1,,,,,,,,,,,,,,,,,,
poly-95,,,,,,,,,,,,,,,1,1,3,,,,,,,,,,,,,,,,,,,,,,,,,,,,,,,,,,,,,,,,,1,,,,,,,6,,,,,,,1,,,,,,,3,,,,,,,,,1,,,,
poly-96,,,,,,,,,1,,1,,1,,,,6,,,,,,,,,,,,1,,,,,,,,,,,,,,,,,,,,,,1,,,,,,,1,,,,,,,,,,,,,7,,,,,,,3,,,,,,,,,,1,,,,
poly-97,,,,,,,,,,,,,,,,,,,,,,,,,,,,,,,,,,,,,,,,,,,,,,,,,,,,,,,1,,,,,,,,,,,,,,,,,,1,,,,,,,,1,,,,,,2,1,,1,2,
poly-98,,,,,,,,,1,2,,,,,,,3,,,,,,1,,,1,2,,,,,,,,,,,,2,,,,,,,,,,,,,,,,,,,,,,,,,,,,,,,,,,,1,,,,,,,,,,,,,,,,,,
poly-99,,,2,,,,,,,,1,,,,,,,,,,,,,,,,,,,,,,1,,,,,,1,,,,,,,,,,,,,,,,,,,,,,,,,,,,,,,,,,,,,,,,,,,,,,,,,,,,,
poly-101,,,,,,,,,1,,,,,,,,,1,,,,3,1,,,1,,,,,,,,1,,,2,2,,,,,,,,,,,,,,,,,,,,,,,,,,,,,,,,,,6,,1,,,,1,5,1,4,,,,1,,4,1,3,2,4,2
poly-102,,,,,,,,,,,,,,,,,1,,,,,,2,,,,,,,,,,,,1,,,,,,1,,,,,,,,,,,,,,,,,,,,,,,,,,,,,,,,,,,,,,,,,,,,,,,,,,,
poly-103,,,,,,,,,,,,1,,,,,,,,,,,1,,,,,,,,,,,,,,,,,,,,,,,,,,,,,,,,,,,,,,,,,,,,,,,,,,,,,,,,,,,,,,,,,,,,,
poly-104,,,,,,,,,,,,1,,,,,,,,,,,,,,,,,,,,,,,,,,,,,,,,,,,,,,,,,,,,,,,,,,,,,,,,,,,,,,,,,,,,,,,,,,,,,,,,
poly-105,,,,,,,,,,,,,,,,,,,,,,,,,,,,,,,,1,,,,,,,,,,,,,,,,,,,,,,,,,,,,,,,,,,,,,,,,,,,,,,,,3,,,,,,,,,,,,
poly-106,,4,,1,,4,,1,,,,,,,1,,14,,,,,,,,,2,,,,2,1,1,,,,,,,4,,1,,,,,,,,,5,,,,,,,,6,1,1,,,,,,,,,,,,,,,,,,,,,,,,,,,,,,,,
poly-107,,,,,,,,,,,,,,,,,,,,,2,,1,,,,,,,,,,,,,,,,,,1,,,,,,,,,,,,,,,,,,,,,,,,,,,,,,,,,,,,,,,,,,,,,,,,,,,
poly-108,,,,,,,,,,,,,,,,,,,,,,,1,,,,,,,,,,,,,,,,,,1,,,,,,,,,,,,,,,,,,,,,,,,,,,,,,,,,,,,,,,,,,,,,,,,,,,
poly-111,,,,,,,,,,,,,,,,,1,,,,,,,,,,,,,,,,,,,,,,,,1,,,,,,,,,,,,,,,,,,,,,,,,,,,,,,,,,,,,,,,,,,,,,,,,,,,
poly-112,,,,,,,,,,,,,,,,,,,,,,,,,,,,,,,,,,,,,,,,,,,,,,,,,,,,,,,,,,,,,,,,,,,,,,,,,1,,,,,,,,,,,,,,,,,,,
poly-113,,,,,,,,,,,,,,,,,,,,,,,,,,,,,,,,,,,,,,,,,,,,,,,,,,,,,,,,,,,,,,,,,,,,,,,,,,,,,,,1,,,,,,,,,,,,,
poly-114,,,,,,,,,,,,,,,,,,,,,,,,,,,,,,,,,,,,,,,,,,,,,,,,,,,,,,,,,,,,,,,,,,,,,,,,,,,,,,,,1,,,,,,,,,,,,
poly-115,,,,,,,,,,,,,,,,,,,,,,,,,,,,,,,,,,,,,,,,,,,,,,,,,,,,,,,,,,,,,,,,,,,,,,,,,1,,,,,,,,,,,,,,,,,,2,
poly-116,,,,,,,,,,,,,,,,,,,,,,,,,,,,,,,,,,,,,,,,,,,,,,,,,,,,,,,,,,,,,,,,,,,,,,,,,,,,,,,,3,2,,,,,,,,,,,
poly-117,,,,,,,,,,,,,,,,,,,,,,,,,,,,,,,,,,,,,,,,,,,,,,,,,,,,,,,,,,,,,,,,,,,,,,,,,,,,,,,,,,,,,,,,2,,,1,
poly-118,,,,,,,,,,,,,,,,,,,,,,,,,,,,,,,,,,,,,,,,,,,,,,,,,,,,,,,,,,,,,,,,,,,,,,,,,,,,,,,,,,,,,,,,1,2,,5,1
poly-119,,,,,,,,,,,,,,,,,,,,,,,,,,,,,,,,,,,,,,,,,,,,,,,,,,,,,,,,,,,,,,,,,,,,,,,,,,,,,,,,,,,,,,,,1,,,,
poly-120,,,,,,,,,,,,,,,,,,,,,,,,,,,,,,,,,,,,,,,,,,,,,,,,,,,,,,,,,,,,,,,,,,,,,,,,,,,,,,,,,,,,,,,,,,1,,
poly-121,,,,,,,,,,,,,,,,,,,,,,,,,,,,,,,,,,,,,,,,,,,,,,,,,,,,,,,,,,,,,,,,,,,,,,,,,,,,,,,,,,,,,,,,,,,1,
poly-122,,,,,,,,,,,,,,,,,,,,,,,,,,,,,,,,,,,,,,,,,,,,,,,,,,,,,,,,,,,,,,,,,,,,,,,,,,,,,,,,,,,,,,,,,1,,,
poly-123,,,,,,,,,,,,,,,,,,,,,,,,,,,,,,,,,,,,,,,,,,,,,,,,,,,,,,,,,,,,,,,,,,,,,,,,,,,,,,,,,,,,,,,,,,,,1
poly-124,,,,,,,,,,,,,,,,,,,,,,,,,,,,,,,,,,,,,,,,,,,,,,,,,,,,,,,,,,,,,,,,,,,,,,,,,,,,,,,,,1,,,,,,,,,,,
poly-int,,,,,,,,,1,,7,,,5,,,,,,,,,,,,,,,,,,,,,,,,,,,,,,,,,,,,,,,,,,,,13,,,5,,,,15,37,13,2,17,,,,3,1,1,,,,1,,,,,,,2,2,33,2,,31,11
capit-unid,,,,,,,,,,,,,,,,,14,,,,,,,,,,,,,,,,,,,,,,,,,,,,,,,,,,,,,,,,,,,,,,,,,,,,,,,,,,,,,,,,,,,,,,,,,,,
poly-H,17,204,56,144,47,11,113,33,29,6,48,42,87,53,0,42,332,47,5,11,0,40,71,3,2,40,50,12,44,34,71,32,24,67,2,22,9,29,49,45,31,22,1,,136,90,140,95,140,139,213,327,283,244,326,32,,496,211,25,94,216,265,155,277,188,269,192,370,,168,211,500,447,,,,237,267,376,629,,,,112,199,249,392,267,176,367,214
poly-unid,1,8,18,11,8,13,5,,,,,,,,,,10,,,,,,,4,,,,,,5,,8,7,,,,3,5,8,,,,2,,29,28,12,,29,2,24,36,48,38,55,,,52,,5,,34,58,43,63,49,95,70,71,,14,11,12,18,,,,4,2,14,13,,,,6,8,4,14,6,4,12,6
poly-larva,,,,,,,3,4,,2,,,,,,2,10,,,,,,,,,,,,,,3,2,,,13,,3,5,,,9,11,,,,,,,,,,,,,,,,,,,,,,,,,,,,,,11,48,4,,,,1,12,42,4,,,,,,,,,11,,
oli-1,,,,,,,,,,2,,,,,,,,,,,,,,,,,,,,,,,1,1,,,,,,,,,,,,,,,,,,,,,,,,,1,,,,,,,,,,,,,,,,,,,,,,,,,,,,,,,,,
sip-1,42,16,15,15,8,65,14,17,32,13,45,5,25,35,32,17,46,26,18,15,15,3,21,63,38,17,,15,22,15,17,65,48,24,15,32,34,7,7,10,18,18,9,,16,14,28,2,19,43,16,66,88,52,34,,,46,15,8,16,42,34,46,61,51,52,20,73,,52,45,209,167,,,,19,38,48,48,,,,12,12,39,56,39,17,77,34
sip-unid,,,1,,,,,,,,,,,,,,,,,,,,,,,,,,,,,,,,,,,,,,,,,,,,,,,,,,,,,,,,,,,,,,,,,,,,,,,,,,,,,,,,,,,,,,,,,
ech-1,,2,,,,,,,,,,,,,,,,,,,,,,,,,,,,,,,,,,,,,,,,,,,,,,,,,,,,,,1,,,,,,,,,,,,,,,,,,,,,,,,1,,,,,,,,,,,,
sib-1,1,10,,,,,1,,100,100,10,10,100,100,10,10,10,10,100,10,10,10,10,10,100,10,100,10,10,10,10,100,10,30,100,1000,1000,10,10,1000,10,100,100,,10,10,1,1,,,,10,10,10,10,,,200,1000,10,1000,1000,100,1000,1000,1000,100,1000,1000,,10,,100,10,,,,10,10,10,10,,,,1,,10,1,10,10,1,10
nem-1,8,14,3,35,27,4,4,2,8,8,7,,6,21,8,15,61,22,13,3,2,1,7,5,5,1,5,1,1,9,23,10,1,11,1,1,6,2,12,2,8,,,,9,17,16,16,9,2,29,24,23,36,31,5,,6,10,3,,6,6,5,14,5,12,5,16,,3,8,19,8,,,,34,27,40,32,,,,11,22,11,25,24,17,18,9
platy-1,15,25,50,110,84,5,2,,12,33,76,,96,114,90,61,171,3,5,,,,70,1,,,1,21,,92,54,9,28,1,1,15,1,,7,,,,,,77,105,107,110,89,74,171,112,101,196,168,89,,63,25,7,,6,34,38,26,33,31,22,28,,21,54,45,41,,,,93,91,143,167,,,,49,70,39,51,194,77,69,67
ast-1,,4,2,7,,,4,6,,6,2,,,,1,1,10,2,,,,1,,,,5,15,,8,3,1,,,4,3,,2,1,7,,3,1,18,,,,,,,,1,,4,2,,,,1,,,,,,,1,,,,,,8,9,9,1,,,,6,2,,3,,,,,5,,3,,,1,
ast-2,,,,,,,,,,,,,1,,,,5,1,,,,,,,,,2,,2,,,,,2,,,2,,3,,2,1,2,,,,,,,,,,,,,,,,,,,,,,,,,,,,,1,6,3,,,,1,1,14,,,,,3,,3,,6,2,,
ast-3,,,,,,,,,,,,,,,,,,,,,,,,,,,,,,,,,,,,,,,,,,,,,,,,,,,,,,,,,,,,,,,,,,,,,,,,,2,4,,,,,1,3,1,,,,,,,,,,,
xyloplax-1,,,,,,,,,,,,,,,,,,,,,,,,,,,,,,,,,,,,,,,,,,,,,,,,,,,,,,,,,,,,,,,,,,,,,,,1,,,,,,,,,,,,,,,,,,,,,
ophi-1,,1,1,,,,,,,,,,,,,,,,,,,,1,,,,,,,,,1,,,,,,,,,,,,,,,,,2,1,,,,1,1,,,,,,,1,,,3,,,1,1,,,1,1,,,,,,,,,,,,,,,,,,,
ophi-2,,,,,,,,,,,,,,,,,,,,,,,,,,,,,,,,,,,,,,,,,,,,,,,,,,,,,,,2,,,,,,,,,,,,2,,,,,,,1,,,,,,,,,,,,,,,,,,
ophi-3,,,,,,,,,,,,,,,,,,,,,,,,,,,,,,,,,,,,,,,,,,,,,1,,2,,,,,,,,,,,,,,,,,,,,,,,,,,,,,,,,,,,,,,,1,,,,,,
ophi-4,,,,,,,,,,,,,,,,,,,,,,,,,,,,,,,,,,,,,,,,,,,,,,,,,,,,,,,,,,,,,,,,,,,,,,,,,,,,,,,1,,,,,,,,,,,,,
ophi-5,,,,,,,,,,,,,,,,,,,,,,,,,,,,,,,,,,,,,,,,,,,,,,,,,,,,,,,,,,,,,,,,,,,,,,,,,,,,,,,,,,,,,,,,1,,,,
holo-2,1,2,1,,,1,,,,,2,,,1,1,,,,,3,,2,,,,3,1,2,,,1,,,,,,,,,,,,,,,,1,,,,,,,1,,,,,,1,,,1,,,1,,1,4,,,4,,7,,,,,,,,,,,,1,,1,1,,,
holo-5,,,,,,,,,1,1,,,,,,,,2,,,,,,1,,,,,,,1,,,5,,,,,,,,,1,,,,,,,,,,,,,,,,,,,,,1,,,,,,,,,,,,,,,,,,,,,,,,,,,,
holo-6,,,,,,,,,,,,,,,,,,,,,,,,,,,,,,,,,,,,,,,,3,,,,,,,,,,,,,,,,,,,,,,,,,,,,,,,,,,,,,,,,,,,,,,,,,,,,
holo-juv,,,,,,,,,,,,,,,,,,,,,,,,,,,,,,,,,,,,,,,,,,,,,,,,,,,,,3,,1,,,,,,,,,,5,,1,,,,,2,,1,,,,1,,,3,,,,,,,,,,,
holo-unid,,,,,,,,,,,,,,,,,,,,,,,,,,,,,,,,,,,,,,,,,,,,,,,,,,,,,,,1,,,,,,,,,,1,,,,,,,,,1,,,,,,,1,,,,,,,,,,,
hyd-1,,1,,,,,,,,,,,,,,,,,,,,,,,,,,,,,,,,,,,,,,,,,,,,,,,,,,,,,,,,,,,,,,,,,,,,,10,,,1,,,,,,,,,,,,,,,,,,
hyd-2,,10,,,,,,,,,,,,,,,,,,,,,,,,,,,,,1,1,,,,,1,,,,,,,,,,,,,1,1,,,,,,,,,,,1,,,,10,1,,,,1,1000,100,10,,,,1,10,10,10,,,,,,,,10,,10,
hyd-3,10,100,,,,10,2,,,1,,,,,,,10,,,,,,,1,,,,,1,,,10,10,1,,,1,,100,,10,,,,1000,100,1000,,,10,10,100,1000,100,1000,,,,,,,1,10,10,10,100,10,,1,,1000,1000,1000,1000,,,,1000,1000,1000,1000,,,,,1,10,10,1,1,1,10
hyd-4,,,,,,,,,,,,,,,,,,,,,,,,,,,,,,,,,,,,,,,,,,,,,,,,,,,,,,,,,,,,,,,,,,,,,,,10,10,1000,1000,,,,10,10,10,100,,,,,1,,,,10,10,10
hyd-5,,,,,,,,,,,,,,,,,,,,,,,,,,,,,,,,,,,,,,,,,,,,,,,,,,,,,,,,,,,,,,,,,,,,,,,,,10,1,,,,,,1,,,,,,,,,,,,
hyd-6,,,,,,,,,,,,,,,,,,,,,,,,,,,,,,,,,,,,,,,,,,,,,,,,,,,,,,,,,,,,,,,,,,,,,,,,,,1,,,,,,,,,,,,,,,,,,
mys-1,1,,,1,,,1,,,,,,,,,,1,,,,,,,,,,,,,,,,,,,,,,,,,,,,,,,,,,,1,,,,,,,1,,,,,,,,,,,,,,,,,,,,,,,,,,,,,,,,,
tan-1,,,,,,,,,,,2,1,,,,,,,,,,1,,,,,,,,1,,1,,,,,,,,,,,,,1,,1,,1,1,,,,,4,,,,1,,,,,,1,1,1,,,,,1,,,,,,,,2,,,,,,,,,,,,
tan-2,,2,,,,,3,1,,,2,,,,2,,,1,2,,,,2,,,,,,,,,,,,,,,1,,,1,4,,,1,1,2,,4,6,2,7,3,1,1,,,,,,3,13,,1,,1,,1,1,,8,7,45,24,,,,2,,2,8,,,,,1,,,,,,
tan-3,,,,,,,1,,,,1,,,,,,,,,,,,,,,,1,,,,,,,,,,,,,,,,,,,,,,,,,,,,,,,,,,,,,,,,,,,,,,,,,,,,,,,,,,,,,,,,,
tan-4,,,,1,,,,,,,,,,,,,,,,,,,,,,,,,,,,,1,,,,,,,,,,,,,,,,,,,,,,,,,,,,,,,,,,,,,,,,,,,,,,,,,,,,,,,,,,,
tan-5,,,,,,,,,,,,,,,,,,,,,,,,,,,,,,,,,,,,,,,,,,,,,,,,,1,,,,,,,,,,,,,,,,,,,,,,,,,,,,,,,,,,,,,,,,,,,
tan-6,,,,,,,,,,,,,,,,,,,,,,,,,,,,,,,,,,,,,,,,1,,,,,,,,,,,,,,,,,,,,,,,,,,,,,,,,,,,,,,,,,,,,,,,,,,,,
amph-1,1,1,6,4,4,,,1,,,,,,,,,,,,20,1,1,,,,,,1,,,,,4,1,2,2,,,,,,1,1,,74,26,6,3,13,7,,17,68,,3,,,20,40,3,259,4,3,,3,3,55,451,,,5,,,,,,,,2,,,,,,,27,1,2,,2,3,38
amph-2,2,2,27,49,32,7,5,3,3,13,20,3,23,58,92,7,283,61,5,,10,14,,6,6,3,3,13,13,2,42,72,13,5,25,112,30,4,,23,8,5,11,,59,51,23,3,3,8,13,341,78,123,50,16,,6,7,2,8,2,40,45,128,12,29,85,27,,1251,31,51,40,,,,72,186,185,461,,,,268,472,194,107,293,226,99,192
amph-9,,,,,,,,,,,,,,,,,5,,,1,,,,,,,,,,,,,,,,,,,,,,,,,,,,,,,,1,1,7,,,,,,,,,14,,,1,25,1,,,,,,,,,,,,,,,,,,10,4,,3,,,
amph-10,,,,,,,,,,,,,,,,,,,,,,,,,,,,,,,,,,10,,,,,,,,,,,,,,,,,,,,1,,,,,,,,,,,,,,,,,,,,,,,,,,,,,,,,,,,,,,
amph-11,,,,,,,,,,,,,,,,,,,,,,,,,,,,,,,,,,,,,,,,,,,,,,,,,,,,,,,1,,,,,,,,,,,,,,,,,,,,,,,,,,,,,,,,,,,,,
amph-12,,,,,,,,,,,,,,,,,,,,,,,,,,,,,,,,,,,,,,,,,12,,,,,,,,,,,,,,,,,,,,,,,,,1,,,,,,,,1,,,,,,,,,,,,,,,,,,
amph-13,,,,,,,,,,,,,,,,,,,,,,,,,,,,,,,,,,,,,,,,,,,,,,,,,,,,,,1,,,,,,,,,,,,,,,,,,,,46,,,,,,,,,,,,,,,,,,
amph-14,,,,,,,,,,,,,1,,,,,,,,,,,,,,,,,,,,,,,2,2,,,,,,,,,,,,,,,,,,,,,,,,,,,,,,,,,,,,,,,,,,,5,,,,,25,10,7,1,15,13,,
amph-16,,,,,,,,,,,,,,,,,,,,,,,,,,,,,,,,,,,,,,,,,,,,,,,,,,,,,,,,,,,,,,,,,,,,,,,,,,1,,,,,,,,,,,,,,1,,,,1
amph-17,,,,,,,,,,,,,,,,,,,,,,,,,,,,,,,,,,,,,,,,,,,,,,,,,,,,,,,,,,,,,,,,,,,,,,,,,,2,,,,,,,,,,,,,,,,,,1
amph-18,,,,,,,,,,,,,,,,,,,,,,,,,,,,,,,,,,,,,,,,,,,,,,,,,,,,,,,,,,,,,,,,,,,,,,,,,,1,,,,,,,,,,,,,,,,,,
amph-unid,,1,4,2,,,5,,,,,,,,,,,,,,,,,,,,,,,,,,,,,,,,,,,,,,,,,,,,,8,3,6,2,,,,,,7,,,,,2,1,10,4,,,,,,,,,,,,,,,,,,,,,,,
deca-1,,,1,,1,,,,1,,1,,,,,,,,,,,,,,,,,,,,,,,,,,,,,,,,,,,,,,,,,,,,,,,,,,,,,,,,,,,,,,,,,,,,,,,,,,,,,,,,,
deca-2,,,,,,,,,,,,,,,,,,,,,,,,,,,,,,,,,,,,,,,,,,,,,,,,,,,,,,,,,,,,,,,,,,,,,,,,,1,,,,,,,,,,,,,,,,,,,
deca-unid,,,,,,,,,,,,,,,,,,,,,,,,,,,,,,,,,,,,,,,,,,,,,,,,,,,,,,,,,,,,,,,,,1,,,,,,,,,,,,,,,,,,,,,,,,,,,1
gal-1,18,5,4,7,2,19,7,,6,21,4,,43,16,76,26,29,4,14,11,45,8,20,25,11,4,15,16,19,5,34,12,26,,33,31,15,4,,13,16,9,14,,17,14,7,9,14,1,7,9,17,10,9,5,,16,16,6,17,10,13,4,12,21,7,20,14,,11,14,4,34,,,,8,25,22,24,,,,11,17,6,11,22,10,11,9
iso-1,62,5,31,19,3,19,22,31,14,14,3,,29,36,90,35,125,37,17,1,24,1,35,39,93,37,28,14,9,17,59,64,35,67,21,7,19,12,25,29,,30,2,,352,,104,7,41,27,43,2,47,206,168,,,20,,2,,,,,3,1,,,,,14,4,26,246,,,,220,212,382,575,,,,186,14,170,83,141,38,,19
iso-2,5,,,,,,6,,,13,1,1,18,21,23,10,43,317,18,3,,373,,23,,1,3,49,411,2,23,3,83,5,,82,513,125,12,,,4,1,,,,,,,,,,,,,,,,,,,,,,,,,,,,,,1,15,,,,56,125,747,790,,,,4,,,,7,,,1
iso-3,2,,,,1,,,,,,1,,,,,,7,1,,,,1,,,1,,,,,,8,4,,,,,,,,1,1,1,,,18,5,2,1,19,7,2,29,5,11,26,2,,26,17,,7,26,11,8,6,47,26,15,92,,5,14,13,62,,,,4,26,41,65,,,,,2,3,,1,7,1,1
iso-4,,1,,,,,,,,,,,,,,,,,,,,,1,,,,,,,,,,,,,,,,,,,,,,20,,3,,2,7,2,21,54,3,7,,,7,,,21,,4,1,3,3,25,78,2,,3,1,2,1,,,,,3,2,5,,,,,1,1,3,,1,1,8
iso-8,,,,,,,,,,,,,,,,,,,,,,,,,,,26,,,,,11,,,,,,,,,,,,,,,,,,,,,113,1,,,,,,,,,,,,,,,,,1,8,89,,,,,,,,,,,,,,2,,77,,1,
iso-9,,,,,,,,,,,,,,,,,,,,,,,,,,,,,,,,,,,,,,,,,,,,,,,,,,,,1,,,1,,,,,,,,,,,,,,1,,,,,,,,,,,,,,,,,,,1,,1,1,
iso-unid,,,,,,,,,,,,,1,,,,,,,,,,,,,,,,,,,,,,,,,7,,,,,,,,,,,,,,1,,,,,,,,,,,,,,,,,,,,,,,,,,,,,,,,,,,,,,,,
cum-1,,1,,,,,,,,,,,,,,,,,,1,,,,,,,,,,,,,,,,,,,,,,1,1,,,,,,,,,,,,,,,,,,,,,,,,,,,,,,,1,,,,,,,,,,,,,,,,,,
cum-2,,,,,,,,,,,,1,,,,,,,,,,,,,,,,,,,,,,,,,,,,,,,,,,,,,,,,,,,,,,,,,,,,,,,,,,,,,,,,,,,,,,,,,,,,,,,,
cum-3,,,,,,,,,,,,,,,,,,,,,,,,,,,,,,,,,,,,,,,,,,,,,,,,,,,,,,,,,,,,,,,,,,,,,,,,,,,,,,,,,,,,,,,,3,,,,
cum-unid,,,,,,,,,,,,,,,,,,,,,,,,,,,,,,,,,,,,,,,,,,,,,,,,,,,,,,,,,,,,,,,,,,,,,,,,,,,,,,,,,,,,,,,,,1,,1,
anem-1,87,337,122,134,113,2,388,42,546,186,291,27,153,243,97,23,295,965,161,366,31,525,24,79,51,56,66,182,312,369,124,35,182,293,288,289,239,83,153,144,115,322,184,,36,115,54,13,24,82,73,263,161,256,89,7,,42,63,48,64,114,260,154,117,164,128,74,135,,325,293,234,161,,,,370,405,435,840,,,,155,69,360,322,317,122,281,431
anem-2,,,,,,,,,,,,,,,,,,,,,,,,,,,,,,,,,,,,,,,,,,,,,,,,,,,,1,,,,,,,,,,,,,,,1,,,,,,1,,,,,,,1,,,,,,1,,,,,,
por-1,,,,,,,,,,,,,,,,,,,,,,,,,,,,,,,,,,,,,,,,,,,,,,,,,,,,,,,,,,1,,,,,,1,,,,,,,,,,,,,,,,,,,,,,,,,,,,
echn-1,,,,,,,,,,,,,,,,,,,,,,,,,,,,,,,,,,,,,,,,,,,,,,,,,,,,,,,,,,,,,,,,,,1,,,,,,,,,,,,,,,,,,,,,,,,,,
brach-1,,,,,,,,,,,,,,,,,,,,,,,,,,,,,,,,,,,,,,,,,,,,,,,,,,,,,,,,,,,,,,,,,1,,,,,,,,,,,,,,,,,,,,,,,,,,,
scaph-1,,,,,,,,,,,,,,,,,,,,,,,,,,,,,,,,,,,,,,,,,,,,,,,1,,,,,,2,,,,,,,,,,,1,,,,,,,,,,,,,,,,,,,,,,,,,,,,
fish-1,,1,,,,,,,,,,,,,,,,,,,,,,,,,,,,,,,,,,,,,,,,,,,,,,,,,,,,,,,,,,,,,,,,,,,,,,,,,,,,,,,,,,,,,,,,,,
barn-1,,1,,,,,,,,,,,,,,,,,,,,,1,,,,1,,2,,,,1,,1,,,,,,1,1,1,,,,,,,,,,,,,,,,,,,1,,,,,,,,,,,,,,,,,,,1,,,,,,,,,,,
bry-1,,,,,,,,,,,,,,,,,,,,,,,,,,,,,,,,,,,,,,,,,,,,,,,,,,,,,,,,,,,,,,,,,,,,,,,,,1,,,,,,,,,,,,,,,,,,,